start_frame,end_frame,look_at_frame,part,keep
0,101,50,Whole Body,YES
573,618,595,Whole Body,YES
780,837,808,Whole Body,YES
1263,1334,1298,Whole Body,YES
1531,1642,1586,Whole Body,YES
1858,1889,1873,Whole Body,YES
2309,2362,2335,Whole Body,YES
2590,2707,2648,Whole Body,YES
2908,3051,2979,Whole Body,YES
3513,3549,3531,Whole Body,YES
3768,3827,3797,Whole Body,YES
